<?xml version="1.0" encoding="UTF-8"?>
<uptime xmlns:xsi="http://www.w3.org/2001/XMLSchema-instance"
	xsi:schemaLocation="http://www.uptimesoftware.com/erdc/erdc erdc"
	xmlns="http://www.uptimesoftware.com/erdc/erdc"
	xmlns:upt="http://www.uptimesoftware.com/erdc/erdc" version="4.0" target_grouping="other">
    <class>Netapp Filer (SNMP)</class>
    <exec>com.uptimesoftware.uptime.erdc.MonitorNetappFilerSnmp</exec>
    <elements>
        <element name="snmpversion" parameter_type="input" data_type="string" gui_basic="1"
				range_type="0" units="">
            <control_options>size:8</control_options>
            <default_value/>
            <short_description>SNMP Version</short_description>
            <long_description>SNMP Version</long_description>
            <validation_rule/>
            <error_message/>
            <gui_type>
                <single_select type="dropdown">
                    <value>v1</value>
                    <value>v2</value>
                    <value>v3</value>
                </single_select>
            </gui_type>
        </element>
        
        <element name="read-community" parameter_type="input" data_type="string" gui_basic="1"
				range_type="0" units="">
            <control_options>size:8</control_options>
            <default_value/>
            <short_description>Community String</short_description>
            <long_description>Community String</long_description>
            <validation_rule/>
            <error_message/>
            <gui_type>
                <password/>
            </gui_type>
        </element>
        
        <element name="snmp-port" parameter_type="input" data_type="string" gui_basic="1"
				range_type="0" units="">
            <control_options>size:8</control_options>
            <default_value>161</default_value>
            <short_description>SNMP Port</short_description>
            <long_description>SNMP Port</long_description>
            <validation_rule/>
            <error_message/>
            <gui_type>
                <string/>
            </gui_type>
        </element>

        <element name="agent-username" parameter_type="input" data_type="string" gui_basic="1"
				range_type="0" units="">
            <control_options>size:8</control_options>
            <default_value/>
            <short_description>Agent Username (v3)</short_description>
            <long_description>Agent Username (v3)</long_description>
            <validation_rule/>
            <error_message/>
            <gui_type>
                <string/>
            </gui_type>
        </element>
        <element name="auth-type" parameter_type="input" data_type="string" gui_basic="1"
				range_type="0" units="">
            <control_options>size:8</control_options>
            <default_value/>
            <short_description>Authentication Type</short_description>
            <long_description>Authentication Type</long_description>
            <validation_rule/>
            <error_message/>
            <gui_type>
                <single_select type="dropdown">
                    <value>MD5</value>
                    <value>SHA</value>
                </single_select>
            </gui_type>
        </element>
        <element name="password" parameter_type="input" data_type="string" gui_basic="1"
				range_type="0" units="">
            <control_options>size:8</control_options>
            <default_value/>
            <short_description>Agent Password (v3)</short_description>
            <long_description>Agent Password (v3)</long_description>
            <validation_rule/>
            <error_message/>
            <gui_type>
                <password/>
            </gui_type>
        </element>
        <element name="privacy-type" parameter_type="input" data_type="string" gui_basic="1"
				range_type="0" units="">
            <control_options>size:8</control_options>
            <default_value/>
            <short_description>Privacy Type (v3)</short_description>
            <long_description>Privacy Type (v3)</long_description>
            <validation_rule/>
            <error_message/>
            <gui_type>
                <single_select type="dropdown">
                    <value>DES</value>
                    <value>AES</value>
                </single_select>
            </gui_type>
        </element>

        <element name="dfPercentKBytesCapacity" parameter_type="output" data_type="ranged" gui_basic="1" range_type="0" units="%">
            <control_options>size:8</control_options>
            <default_value/>
            <short_description>Filesystem Capacity</short_description>
            <long_description>Filesystem Capacity</long_description>
            <validation_rule/>
            <error_message/>
            <gui_type>
                <integer/>
            </gui_type>
        </element> 

        <element name="dfUsedKBytes" parameter_type="output" data_type="ranged" gui_basic="1" range_type="0" units="KB">
            <control_options>size:8</control_options>
            <default_value/>
            <short_description>Used Kilobytes</short_description>
            <long_description>Used Kilobytes</long_description>
            <validation_rule/>
            <error_message/>
            <gui_type>
                <integer/>
            </gui_type>
        </element>
        
        <element name="dfPercentInodeCapacity" parameter_type="output" data_type="ranged" gui_basic="1" range_type="0" units="%">
            <control_options>size:8</control_options>
            <default_value/>
            <short_description>Filesystem Inode Capacity</short_description>
            <long_description>Filesystem Inode Capacity</long_description>
            <validation_rule/>
            <error_message/>
            <gui_type>
                <integer/>
            </gui_type>
        </element>        
        
        <element name="dfStatus" parameter_type="output" data_type="ranged" gui_basic="1" range_type="0" units="">
            <control_options>size:8</control_options>
            <default_value/>
            <short_description>Filesystem Status</short_description>
            <long_description>Filesystem Status</long_description>
            <validation_rule/>
            <error_message/>
            <gui_type>
                <integer/>
            </gui_type>
        </element>

        <element name="dfMirrorStatus" parameter_type="output" data_type="ranged" gui_basic="1" range_type="0" units="KB">
            <control_options>size:8</control_options>
            <default_value/>
            <short_description>Mirror Status</short_description>
            <long_description>Mirror Status</long_description>
            <validation_rule/>
            <error_message/>
            <gui_type>
                <integer/>
            </gui_type>
        </element>
        
        <element name="fcpReadBytes" parameter_type="output" data_type="integer" gui_basic="1" range_type="0" units="B">
            <control_options>size:8</control_options>
            <default_value/>
            <short_description>FC Read Bytes</short_description>
            <long_description>Bytes read via FC</long_description>
            <validation_rule/>
            <error_message/>
            <gui_type>
                <integer/>
            </gui_type>
        </element>

        <element name="fcpWriteBytes" parameter_type="output" data_type="integer" gui_basic="1" range_type="0" units="B">
            <control_options>size:8</control_options>
            <default_value/>
            <short_description>FC Write Bytes</short_description>
            <long_description>Bytes written via FC</long_description>
            <validation_rule/>
            <error_message/>
            <gui_type>
                <integer/>
            </gui_type>
        </element>

        <element name="iscsiReadBytes" parameter_type="output" data_type="integer" gui_basic="1" range_type="0" units="B">
            <control_options>size:8</control_options>
            <default_value/>
            <short_description>iSCSI Read Bytes</short_description>
            <long_description>Bytes read via iSCSI</long_description>
            <validation_rule/>
            <error_message/>
            <gui_type>
                <integer/>
            </gui_type>
        </element>

        <element name="iscsiWriteBytes" parameter_type="output" data_type="integer" gui_basic="1" range_type="0" units="B">
            <control_options>size:8</control_options>
            <default_value/>
            <short_description>iSCSI Write Bytes</short_description>
            <long_description>Bytes written via iSCSI</long_description>
            <validation_rule/>
            <error_message/>
            <gui_type>
                <integer/>
            </gui_type>
        </element>

        <element name="iscsiOps" parameter_type="output" data_type="integer" gui_basic="1" range_type="0" units="B">
            <control_options>size:8</control_options>
            <default_value/>
            <short_description>iSCSI Operations</short_description>
            <long_description>Number of iSCSI Ops</long_description>
            <validation_rule/>
            <error_message/>
            <gui_type>
                <integer/>
            </gui_type>
        </element>

        <element name="fcpOps" parameter_type="output" data_type="integer" gui_basic="1" range_type="0" units="B">
            <control_options>size:8</control_options>
            <default_value/>
            <short_description>FCP Operations</short_description>
            <long_description>Number of FC Operations</long_description>
            <validation_rule/>
            <error_message/>
            <gui_type>
                <integer/>
            </gui_type>
        </element>

        <element name="lunReadBytes" parameter_type="output" data_type="integer" gui_basic="1" range_type="0" units="B">
            <control_options>size:8</control_options>
            <default_value/>
            <short_description>LUN Read Bytes</short_description>
            <long_description>Bytes read via Lun</long_description>
            <validation_rule/>
            <error_message/>
            <gui_type>
                <integer/>
            </gui_type>
        </element>

        <element name="lunWriteBytes" parameter_type="output" data_type="integer" gui_basic="1" range_type="0" units="B">
            <control_options>size:8</control_options>
            <default_value/>
            <short_description>LUN Write Bytes</short_description>
            <long_description>Bytes written via Lun</long_description>
            <validation_rule/>
            <error_message/>
            <gui_type>
                <integer/>
            </gui_type>
        </element>

        <element name="lunErrors" parameter_type="output" data_type="integer" gui_basic="1" range_type="0" units="B">
            <control_options>size:8</control_options>
            <default_value/>
            <short_description>LUN Errors</short_description>
            <long_description>Number of errors on LUN</long_description>
            <validation_rule/>
            <error_message/>
            <gui_type>
                <integer/>
            </gui_type>
        </element>

        <element name="lunReadOps" parameter_type="output" data_type="integer" gui_basic="1" range_type="0" units="B">
            <control_options>size:8</control_options>
            <default_value/>
            <short_description>LUN Read Ops</short_description>
            <long_description>Number of LUN Read Operations</long_description>
            <validation_rule/>
            <error_message/>
            <gui_type>
                <integer/>
            </gui_type>
        </element>

        <element name="lunWriteOps" parameter_type="output" data_type="integer" gui_basic="1" range_type="0" units="B">
            <control_options>size:8</control_options>
            <default_value/>
            <short_description>LUN Write Ops</short_description>
            <long_description>Number of LUN Write Operations</long_description>
            <validation_rule/>
            <error_message/>
            <gui_type>
                <integer/>
            </gui_type>
        </element>

        <element name="lunOtherOps" parameter_type="output" data_type="integer" gui_basic="1" range_type="0" units="B">
            <control_options>size:8</control_options>
            <default_value/>
            <short_description>LUN Other Ops</short_description>
            <long_description>Number of LUN Operations not read or write</long_description>
            <validation_rule/>
            <error_message/>
            <gui_type>
                <integer/>
            </gui_type>
        </element>

        <element name="timer" parameter_type="output" data_type="integer" gui_basic="0"
				range_type="0" units="ms">
            <control_options>size:8</control_options>
            <default_value/>
            <short_description>Response time</short_description>
            <long_description>Response time in ms</long_description>
            <validation_rule/>
            <error_message/>
            <gui_type>
                <integer/>
            </gui_type>
        </element>
    </elements>
    <help>When running a custom script check, note that the second parameter is always the name of the assigned host.
	The script that's executed should output each variable on it's own line, otherwise up.time won't be able to capture the appropriate information.
    </help>
</uptime>